Nama Tempat,Foto,Deskripsi ,Longitude,Latitude,No Telp,Rating,Ulasan
Geeko Komputer - UNESA,,"Geeko Komputer One Stop Service Laptop. Tempat rujukan servis laptop favorit dan terbaik di Kota Surabaya dan sekitarnya. Terpecaya, Termurah dan Bergaransi",112.6761595921009,-7.305483977779534,081139011100,4.9,"- SUCI FATIHA : Pelayanan bagus admin ramah, rekomen buat yg mau servis laptop / komputerğŸ‘ğŸ»ğŸ‘ğŸ»ğŸ‘ğŸ»
- Aufal Marom : Proses yang cepat , dan fast respon saat di chat, good service ğŸ‘ğŸ‘ğŸ‘
- Khukuh A. Yuda : Pengalaman saya sih gitu, karena Geeko ini berada pas di samping penjual es jus."
Poetra Comp,,"POETRA COMPUTER - Jasa Service Laptop Terbaik No.1 di Surabaya

kami adalah penyedia jasa service laptop pilihan utama di wilayah surabaya.dengan komitmen kami untuk memberikan pelayanan terbaik dan solusi perbaikan yang optimal bagi pelanggan kami.dengan reputasi terbaik terpercaya dan profesional yang team kami berikan kepada pelanggan.serta penggunaan sparepart/suku cadang berkualitas tinggi kami sangat bangga menjadi mitra terpercaya bagi kantor.perusahaan.mahasiswa dan konsumen umum di surabaya",112.73798934082923,-7.336250384126054,082277110168,4.9,"- Rizki Akbar : Uda 2 kali service di sini. Pelayanannya ramah bgt dan service nya cepet. Teknisinya juga memberi penjelasan dengan sangat jelas terkait kerusakan dan solusinya. Rekomen bgt pokonya, jempol 10000000X
- Lutfian Auli : Hampir putus asa pas laptop tiba-tiba mati..udah bolak-balik ke beberapa servisan laptop tetep aja gak mau hidup lagi..tapi akhirnya nemu juga jasa servis laptop terbaik di Surabaya ,dimana teknisinya pro, jujur gak mengada-ada; kalo ada komponen yang harus diganti ya diganti, kalo gak ya gak perlu... Udah gitu cukup terjangkau pula, cepat, dan akhirnya laptop yang cuma satu-satunya bisa berfungsi lagi dengan baik.. tenkyuuu ya.
- Henry Ricardo Handoyo : Poetra computer, tempat service laptop terbaik. Pelayanan dari customer service dan teknisinya sangat baik dan informatif tentang kendala pada laptop kita. Memberikan solusi yg terbaik juga, ruang tunggu yg nyaman ber AC, ada minuman panas-dingin & snack..pokoknya puas banget. Recommended ya guys...thank you."
AA Com,,"âš’ï¸ Menerima Servis All Kerusakan ğŸ›¡ï¸ Bergaransi Jual Beli Laptop Second 0857 3144 7447 Â· Simo jawar Vb-7 no.21, Surabaya, Indonesia 60281.",112.70240913694123,-7.269961739141244,085731447447,4.3,"- MV Channel: Waktu servis relatif cepat, kondisi perbaikan bagus.
- Poltac Pakpahan Tapi hasil service komputer dell saya bagus mantap
- Mas Rahman : Servise keyboard Keluhan : Trouble pada tombol K dan arah atas."
MATRIX LAPTOP,,"Spesialis servis laptop & macbook dipercaya lebih dari 20 tahun. Apapun tipe laptop & macbook anda, dengan level kerusakan ringan hingga berat, kami GARANSI bisa kembali nyala & normal",112.75683627648495,-7.296623344571572,087855489966,4.8,"- Farrel Sabilillah: Asus Rog GL503GE ganti cpu gen 8 haya sukses ditempat ini...joss teknisinya.
- Krea-C Media Official : Tempat service laptop..membuka kursus teknisi laptop juga
- Aan Eka : Biayanya murah cocok buat teman-teman kantoran/ yang lagi kuliah."
Geeko Komputer - ITS,,"Geeko Komputer One Stop Service Laptop. Tempat rujukan servis laptop favorit dan terbaik di Kota Surabaya dan sekitarnya. Terpecaya, Termurah dan Bergaransi",112.78891675320337,-7.27940662638177,081139011100,4.9,"- Lia Okta : Ganti keyboard, garansi panjang, dan terpercaya kualitas service laptop di geeko
- Kodok : Pelayanan bagus, harga terjangkau, recomended untuk area ITS karena dekat.
 - Pad : Langsung sat set kasih solusi ga pake lama www. mantap sukses mas ğŸ™"
BERKAH KOMPUTER,,"Service Laptop Surabaya Berkah. Berkah Laptop jasa service laptop di area terdekat Kota Surabaya, Sidoarjo, Gresik, sekitarnya. Pusat tempat service repair perbaikan notebook komputer",112.68544527648496,-7.309456768555928,081222333765,4.9,"- Widya Pinasthika : Harga ganti LCD sudah termasuk biaya antar ke kantor saya.
- Alwan Wijaya : Terpercaya dan rekomendasi, meskipun pas servis saya gak ada di rumah.
-Anikko Raja :  Pelayanannya bagus, mas firman nya jujur menyampaikan kondisi laptop apa adanya."
ninjAtom,,"Service Laptop dan Komputer
ğŸ’¡ Servis Laptop & PC ğŸ’»ğŸ–¥
Perawatan, Perbaikan, Upgrade
Kembali ke Performa laptopmu yang Terbaik!",112.75925053880202,-7.260934350778755,081315004177,5.0,"- Yulia Rahmatul Azza : Pelayanan bagus, buat konsultasi ttg laptop, atau upgrade dll pokoknya oke deh
- Dwitama Lingga : Terimakasih Mas Iqbal atas service yang luar biasa! âœ¨ğŸ™ŒğŸ”¥
- Desokar gaming : Sebelum saya ke situ saya mau nanya nih...bisa gak upgrade ram pc di situ?"
Suryana Komputer Sejahtera,,PT. SURYANA KOMPUTER SEJAHTERA SERVICE BERGARANSI DI SURABAYA. Buka setiap hari pukul 04.00 - 21.00. Libur tanggal merah Nasional. Sejak 2016,112.74137509976659,-7.274997154607559,089637483721,5.0,"- Feldi Tri Kito :  Pelayanan yang bagus, memberi saran dan informasi yang lengkap.
- Nanda Grab : Saya konsultasi masalah laptop asus saya dan diberikan solusi yang terbaik..
- Clown Piece : Sangat Recommended, Terima kasih atas pelayanannya dan semoga sukses selalu."
EZPC,,"Solusi EZ Masalah Laptop & PC Kita pasti buat pengalaman service PC dan laptop kamu jadi lebih mudah, cepat, dan nyaman! EZPC Siap Melayani Anda
Berbekal pengalaman melayani 9352 pelanggan di kota Surabaya sejak tahun 2015, kami siap memberikan solusi terbaik, bagi permasalahan laptop, komputer dan printer anda.",112.75404677648496,-7.3115855741695555,089525372944,4.9,"- 
Yoppy Bagus Prasetiyo â€œYoppyâ€ : Good Job untuk crew, hasil service LCD nya mantapp..
- Purnomo Pur : Pengerjaan cepet, untuk karyawan dan teknisi untuk melayani customer sangat oke.
- dirrotun nasikhah : Pelayanan bagus, semua rama."
Servis Laptop 3A,,Servis Laptop 3A Professional Computer Depan Alfamidi Ketintang - Servis Komputer,112.73123283324955,-7.308743685527031,081615621529,4.9,"- fadhila inas : Reparasi keyboard bagus, ganti baterai juga bagus.
- Ridho Ilham Setyawan : Hasil gak memuaskan ,maaf bintang satu
- Kelurahan Semolowaru : Servisnya recomended, harga gak nguras kantong"
MACSUS Company,,"MACSUS COMPANY merupakan perusahaan IT yg bergerak dibidang jasa maintenance laptop & PC yang didirikan pada tahun 2015. Beberapa jasa yg ditawarkan adalah Recovery Hardware, Recovery Software, Maintenance, Jual Beli Aksesoris Laptop dan Jual beli laptop",112.8022637457976,-7.285509036238459,085852561993,4.8,"- Devi Vitriana Purwanto : Alhamdulillah atas izin Allah ketemu tempat service laptop terbaik.
- Fransedo Aminata : Pelayanan memuaskan, ramah, dan mau berbagi ilmu terkait dengan masalah laptop.
- Sedekah 150 Juta Per hari : Terima kasih, sukses selalu buat Mas RIZA & TIM"
B IT Service Laptop,,"IT CONSULTANT & MAINTENANCE SBY. Service, Cleaning, Software, Hardware, Laptop,PC, Free Consulting 24 Hours",112.75066360770447,-7.326898626568841,088231302374,5.0,"- Yuliana :  Dan insha Allah teknisi nya amanah.
- Erni R : Pelayanan bagus, cepat dan hasil sesuai yang diharapkanğŸ‘ğŸ»
- Berliana Raistya R : Harga kantong mahasiswa.."
ninjAtom Rungkut,,"Service Laptop dan Komputer
ğŸ’¡ Servis Laptop & PC ğŸ’»ğŸ–¥
Perawatan, Perbaikan, Upgrade
Kembali ke Performa laptopmu yang Terbaik!",112.77206263839183,-7.327516503475626,081315004177,5.0,"- Sudjiati 123 : Pelayanan bagus..Orang nya welcome.. semoga sukses
- Hariadi Prayogo : Deket sama daerah kampus, jadi ngga perlu capek2 ke sana.
- Nabila Aldhia Fasya : Terima kasih pada mas admin nya yang baik banget"
SonCom,,PUSAT SERVICE LAPTOP DAN PROYEKTOR,112.75614099976654,-7.297026509961651,081357000864,4.7,"- Rendy Kurniawan: Tempat servis notebook yang terpercaya, pelayanan bagus, selalu ramai.
- JAVA STORE : Dan dvd room gak bisa di benerin katanya optik nya gak dapatÂ².
- Martinus Rukismono : CS memberikan layanan yg dibutuhkan konsumen, estimasi biaya dan lama perbaikan"
Schiene Tren Dev,,One Stop Solution Your Computer Care [Schiene Tren Dev] Service Laptop Terbaik di Surabaya,112.72899099906626,-7.311701595810496,083831389500,5.0,"- Fariz Setiawan : Pelayanannya baik,ramah hasil juga sangat bagus sangat rekomen
- Laila nr : Pelayanan oke, fast respon bisa buat langgananğŸ‘ğŸ»
- Dafa Rizqi : Teknisinya baik dan ramah,servis nya bagus pol"
Merah Putih Computer,,"Service Printer dan Laptop Bergaransi. Service Printer, tinta, dotmatrix, laser. Isi toner printer laser. Modif printer. Service laptop. Aksesoris Komputer. Bergaransi",112.73070761281356,-7.305742263408029,085173288558,4.6,"- Agam Pangestu : Sangat puas belanja dan service laptop sama printer ditoko ini thanksğŸ‘ğŸ‘ğŸ‘
- Septia maya Teofani : Pelayanan bagus, saya hubungi via wa fast response,kualitas barang bagus
- muhammad ibrahim al hanif : Tempat servis laptop, jual berbagai barang pendukung."
KiS,,Servis komputer surabaya KiS,112.73791739055221,-7.29603689486227,081316789261,5.0,"- Naufal Putra : Service nya bagus harga ramah lingkungan budget mahasiswa
- Riski Dwi : Servis rekomended, harga juga murah untuk anak kuliah
- Faris Azka : Alhamdulillah bapak nya asik.."
Geeko Komputer - UNESA 2,,"Geeko Komputer One Stop Service Laptop. Tempat rujukan servis laptop favorit dan terbaik di Kota Surabaya dan sekitarnya. Terpecaya, Termurah dan Bergaransi",112.67086427825892,-7.302420223271739,081139011100,5.0,"- Bala Arizalu : Pelayan oke, minta tolong check kondisi hardware laptop bisa.
- Fitria Indri : Pelayanan baik hasil service bagus pas di kantong mahasiswağŸ‘ğŸ»ğŸ‘ğŸ»
- Caca Aca : Ga cuman tempat service doang, disini juga jual aksesoris gitu."""
Star Computer,,""" Star Computer "", Service Komputer PC, Laptop, Setting Design, Pengetikan, Print and Scan",112.76459138886148,-7.274835788829546,081231990614,5.0,"- Erik Setiawan : Proses cepet, orang nya baik, cukup murah biaya nya untuk wilayah surabaya.
- Sugeng Hariyanto : Pak Wawan enak kalau komunikasi, dan hasil servisnya oke.
- Donny Working : Pelayanan sangat baik, respon cepat, mau diundang ke rumah, sangat rekomen..!!"
Kuroji Tech,,"Service Komputer dan Lpatop terpecaya di Wilayah Surabaya. Harga mahasiswa, siap melayani service dirumah anda!",112.73987215090035,-7.269386810932448,081703121055,5.0,"- rivaldi dwihansyah : Mantap gak cuma game, aplikasi lain buat laptop ada
- Mohammad Idham Fachrurrozi : Recommended seller buat yg carik jasa instalasi game atau kebutuhan software.
- Mukhammad Rahmat Ilmi Adha : Tempat game ter worth it, termurah di surabaya"
SAR-IT,,Jasa service laptop dan komputer panggilan rumah kantor dan pabrik serta pemasangan cctv dan jaringan lan,112.6417959697743,-7.247019334671298,085212277949,5.0,"- Nova Aditya Pradana : Proses pengerjaan cepet, bawa komputer kondisi mati kena air ac jam 11 siang.
- Shelvi Oktavia : Keren, service cepat, pelayanan oke, harga ramah di kantong.
- Nur wahyuni : Service nya bagus,orang nya ramah,waktu nya cepat,harga murah."
AA.COM - Simo Jawar,,"âš’ï¸ Menerima Servis All Kerusakan ğŸ›¡ï¸ Bergaransi Jual Beli Laptop Second 0857 3144 7447 Â· Simo jawar Vb-7 no.21, Surabaya, Indonesia 60281.",112.68041977908852,-7.255193183335588,083854300901,4.7,"- Lilis : Apakah Ada tempat magang tkj Di toko ini
- Sumber jaya : Hasil baik dan harga bersahabat""
- Bagus a : Langganan service laptop dan printer, puas sekali..terimakasih"
Rhinos Komputer,,Rhinos Komputer | Service Laptop Terpercaya Di Surabaya,112.70457191494208,-7.309059175198282,089699912812,5.0,"- Adrianus Masan Maran : Servis laptop amanah rekomendasi daerah Surabaya
- Nuraemah Ajja : Pelayanan nya baik dan ramah ada fasilitas antar jemput nya juga loh
- Jessica Wungkana : Support berbagai type sparepart laptop dan bergaransi Harga sahabat mahasiswa â˜º"
Putra Arjuna Computer,,Pusat Service Komputer dan Laptop,112.66110415356732,-7.260669333825529,082133300499,5.0,"- Ditya Khasanah : Recomended untuk service komputer, laptop, printer
- veve yudha : Ganti keyboard proses cepat harga murah, fast respon, amanah, thanks
- Muhammad Nasrun : Di sini juga menawarkan paket jalan-jalan di wilayah Indonesia"
FIND COMP,,Pusat Service Laptop,112.64651293671528,-7.256582477772392,085103456000,4.7,"- Farel Arga : Pelayanan baik,Hasil maksimal , bagus , ramah , harga terjangkau Good & Nice
- Moch Ayyup : Pelayanan baik cepat dan amanah rekomendasi banget buat service disiniğŸ‘ğŸ»
- Budi Laksmono : Toko ga jelas bukanya."
AVM Komputer,,"AVM Komputer | Service, Jual Beli Laptop & Komputer",112.6328968823562,-7.259379236638262,081228994166,5.0,"- Argstn :Tempat service laptop cara pelayanan n pengerjaan oke.
- bintang aditya : Second Rp kwalitas mantap mas.
- Billa Wn : Pengerjaanya cepat bagus pelayananya... harga tidak menguras kantong."
RIZKI CELL,,"PUSAT SERVICE HP & LAPTOP, CEPAT, MURAH BERGARANSI",112.6891516243545,-7.255926087392016,085158900046,4.8,"- Fajaria Agustina : Pelayanan ramah, pengiriman pulsa juga cepat, harga internet juga murah
- Marsel Darmawan : Bagus hasil pengerjaan nya
- Yekti Sayekti : Dan ada garansi untuk lcd nya 8 hari ... overall puas service di sini ...
"
Servis Laptop Mahardika,,"Mahardika Laptop & Printer Service terletak di Kota Surabaya, Jawa Timur. Perusahaan ini bekerja di industri berikut: Pemrograman komputer, desain web.",112.78645781441092,-7.254396912164799,081333266788,4.8,"- Nadhif Risantosa : Proses servis cepat, produk oke, pelayanan mantap ğŸ‘ğŸ½
- Arief Iskandar : Laptop beres, ilmu juga nambah, thanks mas Imam ğŸ‘
- Agung Sugiarto : Bisa konsultasi masalah laptop, pokoknya service disini bagus sekali."
BINTANG COMP,,Service Laptop Surabaya - BINTANG COMP,112.75200777063827,-7.236286029487817,087878898583,4.9,"- Bunga Matahari : Servisnya berpengalaman, hasil bagus, dan amanah, rekomenn servis disiniğŸ‘
- Yawanda Andhika : Masalah layar menyala hitam, tapi mesin hidup.
- pin : Di Indonesia memang bnyk org pinter,,,tp orang jujur bisa dihitung dgn jari"
Geeko Komputer - UNAIR,,"Geeko Komputer One Stop Service Laptop. Tempat rujukan servis laptop favorit dan terbaik di Kota Surabaya dan sekitarnya. Terpecaya, Termurah dan Bergaransi",112.77432374935314,-7.265745947978344,08113111966,5.0,"- Shafia Amalia123 : Tempat service laptop yang recomended, ramah, dan dekat kampus
- Afdaliah Tajuddin : Pelayanan sangat ramah, cepat, dan ada 4 cabang di area Surabaya.
- Safiyah Qolbi : Hasil service bagus dan ada garansi nya juga"
Ivan Cell,,Ivan Cell (Service Hp & Laptop),112.74496965427434,-7.2420759921622455,087852222292,5.0,"- Ina ajeng Safitri : Harga terjangkau dan hasil nya bagus.
- Farras al amudi : Service mantab dan orangnya juga ramah memberikan saran siip âœ¨ğŸ‘ŒğŸ»
- yusron keceng : Proses cepat abis ganti konektor cas"
WONG.AITI,,"WONG AITI
Information Technology Company
PENCARI NAFKAH. IT SERABUTAN.
Creative Design & Service Computer",112.76247911449678,-7.224365284232322,081515235411,5.0,"- Surya Ramadhan : Barang bagus dan pelayanan oke
- KURDIANTO YS : Orang nya ramah,proses service cepat dan hasil memuaskan.
- Lili Setyowati : Laptop kondisi ok, pengiriman cepat."
ABi Comp Surabaya,,"ABi Computer merupakan suatu badan usaha yang bergerak di bidang : Service, Penjualan dan Kursus. Baik Laptop, Komputer, Printer maupun Tablet. Dengan motto ""Cepat,Tepat dan Amanah"" kami berharap ""ABi Computer Surabaya"" menjadi Solusi IT anda.",112.73707323103677,-7.260126574767408,083831900696,5.0,"- Aan Andi : Terima kasih Pak Wahyu, atas servis laptop saya.
- Rumeijudarton Sumanto : Hasil servicenya memuaskan......recomended buat service laptop dan kursus laptop
- Fatihatul Muniroh : Pelayanan bagus ramah hasil kerja sempurna"
TN computer,,"TNcomputer Surabaya
Hi-tech mall Sby
âŒšï¸
ğŸ“(WA)083856746237
ğŸ’»
ğŸ”Œservice laptop dll.",112.7727415614726,-7.211901370197501,083856746237,4.6,"- Alda Muhammad Sulaiman : Cakep
- Ari Azhar : Kualitas
-  SL Official : Profesionalisme"
Rajee Servis,,Rajee Servis | Service Printer dan Lapto/PC,112.75935803823728,-7.219581399152201,087768430008,4.5,"- Amma Alwi : pelayanan ramah, kualitas megah
- Damian Zabua : harga bisa murah, tinggal promosinya yg lebih sip
- PT.GOJEK INDONESIA Karya Anak Bangsa : Minimalis"
Duta Securindo,,"Duta Securindo adalah perusahaan yang bergerak
di bidang jasa layanan IT, CCTV dan jaringan,
desain dan multimedia. Anda memiliki kebutuhan lain?
Konsultasikan dengan Tim Ahli Kami dan Dapatkan
Solusi Terbaik!",112.78989448675563,-7.259449916749764,0895422417420,5.0,"- Ijum S-210 : Ahirnya nemu jasa pasang cctv terdekat ğŸ‘
- Nanda. WYO : Teknisi nya ramah banget, udh gt profesional, rapi.
- Safira Nurulqolbi : Pelayanan servicenya baguss bangettt, harganya juga terjangkauu."
Technophile Service,,"Technophile Service terletak di Kota Surabaya, Jawa Timur. Perusahaan ini bekerja di industri berikut: Pemrograman komputer, desain web.",112.72597074480211,-7.254225093315893,081230892049,5.0,-
Ayooservis Surabaya,,"Ayooservis adalah sebuah aplikasi jasa layanan perbaikan perangkat IT, di bawah naungan PT Airmas Servisindo. Kami hadir melalui aplikasi ini, bertujuan agar semua proses layanan perbaikan perangkat IT milik Customer bisa terakomodir secara rapi dan systematis.",112.75412321025783,-7.25354394346321,03199453579,5.0,"Muhamad Fatkhurroji : Tempat service laptop, hp, dll yg terbaik dengan pelayanan yg baik
Ramah, Cepat, Tanggap, Profesional..
Pelayanannya mantap, Semua staf nya ramah dan tempat nya nyaman"
NBPC Center Service Laptop,,"NBPC Service Laptop Notebook Komputer Surabaya merupakan salah satu tempat service laptop di Kota Surabaya. Service laptop ini melayani perbaikan berbagai jenis komputer seperti laptop, notebook, personal computer (PC) / komputer rumah dan merk komputer seperti komputer dan laptop lenovo, asus, acer, toshiba, dell dan lainnya.",112.75214910464521,-7.2732117305146895,085731520726,5.0,"-Almadea Dwi Maharani : Hasil service nya bagus dan worth it banget untuk harga yg murah.
- Tessya Christara : Lokasinya deket bgt dari kampus B unair.
- Farsya r : Laptop saya diperbaiki dengan samgat cepat, pemiliknya ramah, bintang 5!"
Raya Service,,Raya Service Komputer Dan Laptop Semolowaru,112.77862608916837,-7.298025633635402,082331660772,4.9,"- aldi wahyu : Tempat service terbaik di Surabaya, pelayanan sangat baik dan cepat.
- kangdesign : Harga sparepart dan biaya service bersahabat kakakğŸ™
- Ronny Hidayat Wibowo : Pelayanannya bagus, cepet, dan orangnya juga rama."
PRAJA COMP,,PRAJA COMP Surabaya spesialis laptop sofware dan hardware,112.76413208356557,-7.297013196787826,085606760027,5.0,"- ika nur widayati : Mantap pelayanan oke service harga standard cepet banget....ğŸ¥°
- Neutron X : Layanan servis baikk, proses pengerjaannya juga cepat sipp ğŸ‘
- Gani Rakandenu : Kalau bawa mobil mending parkir di Indomaret terus nyebrang."
m-computer,,"m-computer Surabaya
Toko Komputer
Pilihan Tepat Tempat Service Laptop dan Komputer Anda , Fast Respon ğŸ‘‡ğŸ»ğŸ‘‡ğŸ»ğŸ‘‡ğŸ» admin 24jam link chate whatsapp",112.80148987265444,-7.2836488158214125,081230550980,4.9,"- wijaya budiman : Cepat, Tanggap, Ramah, pelayanan Bagus, Hasil Bagus.
- Seiga Reynita : Pelayanan ramah, cepat, berkualitas, amanah, dan dekat dengan rumah. ğŸ‘ğŸ‘ğŸ‘
- Mahasiswa Unesa : Suka banget pelayanan servicenya harga kualitas mantab semuağŸ‘"
Adif computer,,"Service komputer laptop dan Printer
Entrepreneur
Melayani Service Panggilan:
Komputer, Laptop, Printer, dan Jaringan
Jasa Rakit PC Dengan Segala Budget",112.76637763372939,-7.327587778083953,08113308043,4.6,"- viap : Proses pembelian cepat & barang bagus
- Mahli : Very very good services Lain waktu akan kami sewa kembali ya..
- Septyan Permana : Pelayanan baik, penjelasan ke konsumen gampang."
IT Service,,Pusat Service Komputer dan Laptop,112.77107623419036,-7.277019769983027,081252226942,4.7,"- Eijaz Anta : Bapaknya ramah dan servis cpt instal software Makasih pak
 - aisyah nurafe : Harga jasa konsultasi, menghapus virus, dan install ulang laptop hanya 100.000.
 - kayasa athma : Sehari langsung jadi dan kualitas lcd baru malah better daripada lcd aslinya."
ECOMSURABAYA,,"Service Laptop, HP, iPhone. juga melayani servise printer dan Recovery Data",112.79686550898327,-7.324843592475296,081331164222,5.0,"- Alfian Putra : Pengalaman ganti layar LCD cepat murah intinya 3 M murah mantap meriah
- Dwi Yulianti : Pelayanan yang sangat baik, dan ramah tamah
- Heroe Poernomo : Ok, hasil pekerjaan nya bagus memuaskan"
Calosa Laptop & Gadget Service Center,,Pusat Service Komputer dan Laptop,112.77500068905016,-7.281190655554218,08113530030,4.9,"- Christian Alexandra : Pelayanan baguss ada barang ada kualitas josshhh sukses selaluu
- Fadhil Al : Pelayan cepat, dan admin fast respon
- Angelia Tampubolon : Memuaskan dan staff memberikan edukasi yang berguna untuk konsumen"
Laptop Q,,Laptop Q (Notebook Specialist) Servis Laptop Surabaya,112.76154541524517,-7.2658972189691955,085230404500,4.5,"- slamet andik : Tempat service komputer dan laptop dekat rumah..murah dan cepat
- manyar kemilau : Punya pengalaman pakai jasa disini untuk membersihkan debu laptop.
- ERWIN ARIYANTO : Pelayanan Bagus...Good...."
DscomputerIn.,,Ds-Computer Surabaya Profesional Service Laptop, 112.71100592228258,-7.322185632147345,085754050200,5.0,"- Hermawan Phlvi : Service yang bagus dan in sya allah amanah.
- Kasmianik Anik : Owner ramah, teknisi handal, sukses buat Dscomputrin
- Bagus Kuncoroaji : Tempat servis laptop yg bagus bgt lah pokok nya. pelayanan nya juga sangat ramah"
Alhaitam Technology,,Service Laptop dan PC SURABAYA TERPERCAYA DAN AMANAH,112.7524679664855,-7.320884628156279,081515746575,4.9,"- M Amin Rizki : Layanan prima, antar jemput barang, home servise - menyesuaikan budget,mantap
- Be Smart Eat Smart : Pelayanan jasa servis hp yang amanah dan sat set wat wet.
- fadillah mira anggraini : Deket poll dari rumah, gaperlu bingung jauh"", pelayanannya bagus"
Sinar Computer,,Pusat Service Komputer dan Laptop,112.73714482737803,-7.317769700314234,085311795193,4.7,"- Alfasyah Faisal : Lokasi nya dekat dengan kampus UIN sunan Ampel Surabaya
- Aminur R : Tempat yang tepat untuk service laptop dan mencari segala macam asesoris
- Irfan Nashshar Abduh : Barang cukup lengkap, pelayanan baik & ramah"
CALOSA SERVICE CENTER - ROYAL PLAZA,,Pusat Service Komputer dan Laptop,112.73422658404700,-7.308490259935487,08113405522,5.0,"- Mangala Putra widiana : Pelayanan syam bagus
- theodorus sandi : Service mantap dan cepat"
Aseng Computindo,,Jasa service laptop dan komputer panggilan rumah,112.73178545455622,-7.237789404686925,087702471449,5.0,"- Aseng : Pelayananya bagus
- Khafid Zamhari : servis komputer, printer, laptop, jaringan"
CompRijal,,"Pelayanan prima dan ramah. Barang mulus , gratis aksesoris laptop. Pelayanan purna jual yang baik.",112.74752772185708,-7.238602474395953,085604718900,5.0,"- Ilham Gusti Pratama : Bisa minta tolong up varian memori, gratis aksesoris laptop.
- Mono Pratiko : Pelayanan ramah, barang sesuai dengan pesenan..
- Dika : Laptop yg di jual berkualitas ğŸ‘"
Golden Laptop,,Golden Laptop - Jasa Reparasi Laptop,112.78485820714945,-7.259349648676369,085895539122,4.7,"- Achmad Ubaydillah : Pelayanan ramah Teknisi baik enak buat konsultasi rekomend .. jujur dan baik
- Bambang Kampret : Service komputer terbaik di surabaya
- Galih Ismahendra : Tempat service laptop recomended, bergaransi, mantab"
Alpu Service Laptop dan Komputer,,"Tempat service laptop/pc lewat google maps (untuk keperluan rakit PC), pelayanan professional, cepat & dapat dipercaya",112.79790447162893,-7.2830186951229905,083831758761,4.9,"- bhirawa rendra : Untuk semua warga surabaya yg punya masalah ttg laptop atau komputer.
- Alfredo Vincent : Harga anak kuliah, hasil profesional
- Latif Saifudin : Masnya juga ramah, dan gak pelit ilmu."
Multindo service laptop,,"Multindo service laptop terletak di Kota Surabaya, Jawa Timur. Perusahaan ini bekerja di industri berikut: Toko elektronik.",112.76372417631681,-7.295227249475418,081231234266,5.0,"- ersyallu iftitah : Toko Service Komputer Terbaik dengan Kualitas yang terjamin dan Harga Kompetitif
- Naga- JAKI : Rekomendasi tempat service laptop, proyektor, printer, ada garansinya
- Veni Leyn : Service cepat, trimkasih pak"
Service Komputer Laptop Mas Atenk,,Service Laptop Surabaya - Laptop Mas Atenk, 112.76286586944315,-7.304251562735967,085808372718,4.9,"- Reyy Renaldyramadhani : Pengerjaan nya cepat 1 jam selesai teliti pokok nya rekomendet di siniğŸ‘ğŸ‘ğŸ‘
- shinta kinasih : Sangat recommend buat yang mau service laptop
- Nouraelza Veronica : Pelayanan baik, berpengalaman, harga sangat terjangkau dan servise nya cepatğŸ™ğŸ»"
"ABBA Service Komputer, Laptop & Desain Grafis",,"Layanan Jemput, Service & Rakit PC, Maintenance Laptop, Networking & Web",112.75565609170448,-7.2780294696591366,081999153536,5.0,-
Inovasi Media Pratama,,Perusahaan di bidang IT. Bergerak dalam jasa maintenance dan persewaan alat alat multime,112.76414614456517,-7.303920110782849,082159598559,4.9,"- Lvign : Bagus tempat servis hp/laptop hardware/software
- teguh aribowo : Fast respon cepat analisa kerusakan dan biaya standart sesuai kerusakannya...
- Faizal Bani : Recomen deh kalo mau service disini gak bakal kecewa.."
Genius Kertajaya,,Pusat Service Handphone dan Laptop / komputer - Genius Kertajaya,112.75247317108355,-7.273951856984612,08113427168,4.7,"- Navanda Winata : Konter servis sangat bagus orang2nya ramah2 dan pelayanan sangat baik
- Ahmat Perianto : Ganti lcd 2 kali bisa di tunggu satt, set poll fre kopi
- Diki Darmawan : Kerusalan baterai bisa di tunggu...sementara bintang 4 dulu lumayan bagus"
JAGO LAPTOP SURABAYA,,Praktisi laptop surabaya yang memiliki pengalaman di bidang service laptop lebih dari 15 Tahun. ,112.776334102171,-7.309028135683877,081233101514,4.9,"- Rahman Syakur : Service laptop profesional, layanan prima, hasil maksimal..
- Hasyim : Pelayanan ramah, dan ada konfirmasi sebelum pengerjaan
- ovan efendi : Setelah selesai tidak dikenakan biaya krn cuma dibongkar dan dibersihkan."
KER26 Service Laptop,,Jasa service laptop dan komputer panggilan rumah,112.75733134456517,-7.242141565473768,089529744474,5.0,"- Hari susanto : Alhamdulillah sudah bisa ngecharge.
- Erik MaulanaService cepat, murah dan amanahğŸ™
- Yonatan : Tempat servis bagus, rekomendasi tempat untuk memperbaiki komputer pribadi anda ğŸ‘ğŸ‘ â€¦"
Quality Service Center,,Jasa reparasi komputer termurah dan terpecaya di Surabaya,112.7511515350749,-7.257808148069213,089696000603,4.8,"- Titik Wahyuni : Alhamdulillah servis Asusq msh garansi tidak dikenakan biaya karena di THR servis resminya Asys juga,terima kasih mbak dan masnya sudah membantUğŸ˜Šgood job â€¦ 
- Bang Haqiqi : pelayanan bagus dan ramahğŸ‘ â€¦
-  Pak Puji : Mantepp servisX"
Frizta Computer,,Pelayanan service komputer yang terpercaya,112.7937291218157,-7.271988180143046,082245684243,4.6,"- Indra Mahardika : Mantap gan servis laptop disini
- Cap Kaki Dua : Lokasi toko gak jelas , titik GPS tidak sesuai
- Wiellyam Roberto : Pelayanannya jos, sangat rekomen banget, sukses selalu ya"
Aira Service Computer & CCTV Surabaya,,Profesional dan Amanah Service - Maintance,112.76746493148205,-7.269944808221399,088210108055,4.8,"- Eva Dewi : Pelayanan baik, ramah, kinerja nya bagus pintar,harga terjangkau.
- habib sadul : Tidak ada toko komputer di alamat ini
- ndah tsuyoi : Terima kasih dan sukses selalu"
Rytech Comp Surabaya,,"Kami Distributor Spesialis Sparepart Laptop terlengkap di Indonesia, dan Siap Melayani Pembeli ke Seluruh Wilayah Indonesia.",112.79922228580708,-7.284759043868939,0895401572922,5.0,"- desy lucianawati : Service laptop terdekat dri tmpt ku dengan pelayanan terbaik serta ditangani secara profesional
Dan mengerti tentang permintaan kebutuhan pelanggan seperti saya
- Nelly Rarasari : Masnya ramah,penjelasannya detail dan saya dpt belajar banyak soal kendala laptop.ada layanan service sampai mlm jadi benar2 membantu ketika ada problem  urgent soal laptop.sukses terus untuk usahanya..ğŸ‘ğŸ‘ â€¦
- Dwi Saputra : Pelayanan bagus & solutif, proses service juga cepat smoga berkah & lancar"
SATRIA-KOM,,Pusat Service Komputer dan Laptop,112.76847013839186, -7.283055663933613,08563290761,5.0,- Candra : Service bagus dan recomended
Toko Berkat Anugerah Komputer,,"Toko Berkat Anugerah Komputer, melayani : servis komputer, laptop, printer,UPS, dan OS",112.79876209906625,-7.258427151664962,081222210850,5.0,"- herni wati : Pelayanan nya bagus, ramah
- Lina Kartika : Service memuaskan,harga terjangkau,tanggap"
Laptop K1,,"Laptop K1, melayani : Service Laptop, Sparepart (Adaptor, Keyboard, LED, dll), Maintance",112.777304427225,-7.296399267127487,0895405264893,5.0,"- Rendra Mei : Barusan ambil satu unit laptop, barang bagus, seller ramah & free ongkir.
- Arjunanda Restu I. : Service laptop termurah, pelayanan ramah, dan ada garansiâœŒï¸
- Jusuf .S : Cocok untuk konsultasi laptop lemot/ kerusakan lain"
Dapur IT Computindo,,The Next Choice After Authorized Service Center and Official Store,112.7692363426127,-7.298272247869675,082234858989,4.2,"- eko aguss : Tempat repair laptop dan jual aksesoris dan spare part nya laptop
- Oeirika : Posisinya disebelah Laundry dan Boutiqe, sangat dekat dengan daerah kampus.
- Andry Pebadja : Ada garansi barang dan jasa juga."
Calosa Laptop & Gadget Store Klampis by Skytech,,Pusat Service Komputer dan Laptop, 112.77678944310081,-7.280223198348648,08113530030,4.9,"- Putri Surya : Pelayanan ramah, amanah juga, meskipun dari Surabaya Barat ke Surabaya Timur.""
- Akmal Haidar : Fasilitas sangat bagus dan pegawai ramah dan fast respon.""
- ini kartomo : Menyenangkan belanja disini banyak pilihan dibantu sales yg baik. mas joko"""
Kaledia Komputer,,Tempat service IT terbaik di surabaya,112.75822066044104,-7.288626446440992,0315027456,4.9,"- George Septian : Tempat service IT terbaik di surabaya, owner nya ramah & baik top matkotop
- Yonatan Rudyanto : Tempat beli dan servis komputer/ notebook
- UMAR HAMDAN : Pusat service dan part komputer anda"
Tecomp99 Surabaya,,"Toko Laptop & Computer, Service Laptop & Computer, Jual Beli Laptop, Part Laptop & Computer",112.76680372917752,-7.280112651121084,085100092840,4.1,"- Edi Harto Kukuh Wahyudi : Pelayanan dan hasil service laptop'nya bagus banget....good job ğŸ‘ğŸ»
- FX R supriadi : Teknisi bisa dipanggil di rumah
- Maulana Bryan Syahputra : Pelayanan cepat dan tanggap, rekomen banget ğŸ‘"
Asus Service Center Surabaya,,"Pusat layanan ASUS membantu untuk mendownload Driver, Panduan, Firmware, Software; Menemuakan masalah umum dan memecahkan masalah",112.76010893556305,-7.29611845248409,0315019500,4.7,"- Teddy kahardiantha : Hasil pekerjaan servis bagus, krn masih garansi dari Asus jadi free biaya
- Eric Sugiharto : Waktu sudah d layani eh ada orang lain yg jual alat.
- Rachmat Iriyanto : Service laptop asus resmi,dan pelayanan rama"