Nama Tempat,Foto,Deskripsi,Longitude,Latitude,No Telp,Rating,Ulasan
Duta Media Official,,"Satu satunya Perusahaan Jasa Servis Laptop, Komputer, dan Printer yang memiliki banyak customer, baik dari jogja maupun luar jogja. Disini pelayanannya ramah, asyik, menyenangkan serta para teknisi nya pun sudah berpengalaman, memiliki sertifikat softskill, dan jujur dalam memberikan analisis kerusakan yang disampaiakan ke customernya secara langsung.",110.38918043066072,-7.801923700074748,083104278639,4.9,"- Nia Astriana : Pelayananya ramah, proses cepat, teknisi melayani dg sepenuh hati, jujur, dan bertanggungjawab, serta kalau ada apa2 setelah nya gratis konsultasi. Pokoknya rekomendet banget buat kalian yg cari tempat servis harga murah & berkualitas.                                -Lia Fita : Memberikan pelayanan yang sangat baik dan sanggat ramah untuk pelanggan                         -Devita Maharani : Rekomendasi banget buat laptop kalian yang sedang ada gangguan/butuh diserviceâœ¨âœ¨"
Jogja Service Laptop,,"Jogja-ServiceLaptop Pusatnya service segala macam kerusakan pada laptop seperti mainboard, keyboard, LED, LCD dan lain-lain serta penjualan Adaptor Laptop, Keyboard Laptop, LCD Monitor Laptop, Battery Laptop, Harddisk, Processor.",110.35127779548995,-7.792450910858182,085102852477,4.9,"-Erina Na : MAKASIH BANYAK JSL. PUAS BANGET SM PELAYANANNYA, BAIK BGT DIJELASIN  DETAIL BAHKAN SERVICE MAINBOARD PUN BISA DITUNGGU DAN BIAYA TERJANGKAU. AKHIRNYA LAPTOPKU NYALA NORMAL LAGI ğŸ˜­ YANG LAPTOP BERMASALAH HARUS SERVICE DISINI SIH, RECOMMENDED â­â­â­â­â­â­â­â­â­â­ â€¦                     - Dhevika Aji : enak banget service disini. mbaknya komunikatif dan ramah. harganya jg jauh lebih miring. rekomen banget gaisğŸ‘ğŸ»ğŸ‘ğŸ»ğŸ‘ğŸ» â€¦                     - Dimas Fadly : Service sehari jadi ditambah pelayanannya ramah dan ada garansinya juga. Rekomendasi buat pekerja atau pelajar yang ingin service laptop karena semua aspeknya dicek detail. Setelah selesai servis juga kita disuruh cek dulu semua kondisi ditempat ğŸ‘ŒğŸ» â€¦"
Service Komputer & Laptop Panggilan Jogja - IPTech.ID,,"Jangan sampai mood pekerjaanmu menjadi hilang karena komputer dan laptop kamu rusak, yuk service di IPTech.ID masalah komputermu akan segera di atasi",110.33655283648262,-7.826340340862568,087880108885,5.0,"- Khoiriah Shanas : Pelayanannya mantapp, servicenya juga cepet banget, rekomended buat service laptop, komputer,dan lainnya, terus lumayan terjangkau jugağŸ¤©ğŸ«¶ğŸ» â€¦                                               -Faizal Arifin : Pelayanannya sangat baik, ramah dan cepat. untuk yang mau service laptop, komputer dll bisa datang kesini,, pokoknya terjangkau                           - Revita Dwi Agustina : Pelayanan sangat baik dan ramah, kalau yang mau service laptop dan komputer bisa kesiniğŸ‘Œ, sangat memuaskanğŸ‘ğŸ‘ğŸ‘ â€¦"
Tren Computer & Laptop Jogja,,"Layanan service komputer dan laptop Acer, Asus, Hp, Dell, Toshiba, dan Lenovo ", 110.38618192483901,-7.785026353146108,085643157220,4.9,"- Vincent 25 : Tempat service terbaik, pelayanan terbaik, Harga terjangkau yang pasti ramah di kantong. awal konsultasi langsung di eksekusi di depan mata, setelah itu diberikan penjelasan detail.. diberikan masukan cara merawat laptop dan hal hal yang perlu di hindari. Disini masalah laptop saya langsung beres.. rekomendasi bangeet tempat service ini..                                - Abyan Zidan : Pelayanan sangat baik dan ramah, recommended buat yang mau tanya2 seputar keluhan laptop dll                                                - Rahmi Utami : Seneng banget service disini bener-bener ditanganin secepat kilat jadi makin oke laptop saya. Mantabbb banget Tren Computer & Laptop Jogja. Besok kesini lagi kalo mau service. Pelayanannya juga ramah bangetttt."
SINAR LAPTOP JOGJA (Service Laptop Jogja),,Kami dari Sinar Laptop Jogja menawarkan jasa service laptop & notebook dengan harga murah cepat dan bergaransi ,110.40507366879339,-7.810456966457283,085175171159,5.0,"- Bagas Al Kautsar : Tempat servis lain menyarankan saya untuk ganti total komponen, tapi disini bisa diperbaiki. Harga juga bersahabat dan pelayanan bagus, patut jadi rujukan awal servis laptop                                        - Irfani Fatma : Tempat service PC Komputer dan Laptop terbaik, penangaann cepat, harga sangat terjangkau
Sangat puas service di sini, tidak di ragukan lg service di Sinar Laptop Jogja. Mantap                          - Rama Dhani : Ganti keyboard + perbaiki dudukan engsel yg patah.
3 hari pengerjaan. Cepat, hasil perbaikan rapi + laptopnya dibersihin. ğŸ˜ğŸ˜ğŸ˜ â€¦"
Jual Beli Servis Laptop & Komputer - Kings Computer,,"Kings Computer adalah â€œToko Laptop Mahasiswaâ€ yang berada di Yogyakarta. Dengan pengalaman sejak tahun 2012 telah menjadi langganan mahasiswa untuk mencari laptop 2nd, jual beli, servis dan sparepart.",110.34305663648223,-7.806444915909899,089612272000,4.6,"- Rm Nugraha Yesaya Raditya : Setelah saya datang ke toko ini, langsung di sambut dengan baik dan ramah. Jika ingin servis laptop, jual beli laptop bekas atau mati silahkan langsung datang kesini genkss. Sangat rekomendasi sekali. Pelayanan juga memuaskan, lokasi toko sebelum Universitas PGRI/UPY utara jalan ya.                       - Itok Kristianto : Rekomendasi buat yg pengen servis laptop atau pc, pelayanan ramah dan cepat, free cek kondisi dulu, dan diinfo dulu kalo ada yg butuh diperbaiki atau diganti. Overall sangat memuaskan                                - Sabrini Lidyawati : recomended banget, pengerjaannya baik dan pastinya amanah, suka banget sama bapak2 yang ngelayanin super baik poll"
Service Laptop & Computer ( Planet Laptop & Computer ),,"Service Laptop & Computer ( Planet Laptop & Computer ) merupakan salah satu tempat service laptop di Kota Yogyakarta. Service laptop ini melayani perbaikan berbagai jenis komputer seperti laptop, notebook, personal computer (PC) / komputer rumah dan merk komputer seperti komputer dan laptop lenovo, asus, acer, toshiba, dell dan lainnya.",110.38997729415364,-7.806133574546236,085743426922,4.9,"- Dini Sukma Apriliyani : Service disini mas nya amanah banget. Di kasih tau detail bgt kerusakan2 yg ada                                        -  Neni Sundari : Pelayanannya mantap banget, baik, ramah dan selalu konfirmasi ke user dulu. Responnya menjawab pertanyaan dari customer juga cepat, orangnya sabar & pokoknya memuaskan bgt service laptop disini. Harga pas sesuai dengan kantong mahasiswa âœ¨                                  - Rahmi Anti : Pelayanan bagus, Recommended
Harga bersahabat, cepat dan amanahğŸ™ â€¦"
"MRD_Comp Jasa Service Laptop, Instal, Sewa Laptop dan jual-beli laptop Yogyakarta",,"Menerima / Sedia: Jasa service All kerusakan (Laptop), Sewa Laptop / Rental Laptop,  Laptop Mati Total / Service Mainboard, Jasa instal windows 7, 8, 10, 11, instal aplikasi, game, dll (Laptop & PC), Ganti Sparepart (Laptop & PC).",110.39395349947914,-7.785575065718881,082311177474,5.0,"- Fatrian Fahmi Adnan : The professional services, good and fast responsive ğŸ”¥ sudah beberapa kali servis di sini dr jaman maba, hasilnya sangat tidak mengecewakan, harga sangat terjangkau dan dikasih diskon juga.                     - Shofi Berly  : Bener bener bagus pelayanannya, baik, ramah terus membantu banget orangnya hihi terima kasih yaa next kesini lagi kalo instal instalğŸ™Œ                                      - Muhammad Ashar Sahiz Pardana : Pengerjaan cepat dan tepat. Full Recommended disiniğŸ”¥"
Servis laptop jogja (Read-1 Comp),,"Servis laptop jogja (Read-1 Comp) merupakan salah satu tempat service laptop di Kota Yogyakarta. Service laptop ini melayani perbaikan berbagai jenis komputer seperti laptop, notebook, personal computer (PC) / komputer rumah dan merk komputer seperti komputer dan laptop lenovo, asus, acer, toshiba, dell dan lainnya.",110.38305998413625,-7.810180548818359,089666588341,4.5,"- Deidara Akatsuki : Terbaik masnya baik jujur kalau gk ada yg diganti dia bakal bilang gk perlu dan masih bsia di service amanah dan bisa ditunggu                             - Nescy Frans : Pelayanan nya keren, bisa ditunggu                                         - Hery Elfaruq : Pelayanan nya sangat ramah. Orang nya ga cuek suka bercanda. Servisnya rekomended sekaleee"
Medium Laptop Jogja (Jual-Beli & Service Laptop Jogja),,"Pusat layanan Service laptop, Sparepart laptop, dan Jual-Beli laptop bekas terbaik bergaransi.",110.39500639947914,-7.780128654945872,081393114114,5.0,"- Petra Dutawan Sabdanto : Pelayanannya ramah, harga terjangkau untuk mahasiswa, service laptopnya cepat 1 minggu selesai dengan tipe kerusakan lcd remang...top markotop medium laptop ğŸ¤©ğŸ‘ğŸ»ğŸ‘ğŸ»                   - Mira Ardelia : Pelayanannya sangat ramah, mas2nya helpful dan jadinya cepat hanya 1 hari jadi. Servis Upgrade SSD, Caddy, Service Charger juga sangat terjangkau. Semoga awet teruss                       - Ambareni Widjaya : Udah beberapa kali service disini. Kendala laptop langsung tertangani dan tau problemnya apa. Pengerjaan juga cepat, bisa di tracking dan confirm by wa.  Awal tanya 3 harian, ternyata hari ini kesana besoknya udah jadi, cepat.
Please next time bisa dipastikan/ deal dulu dengan customer apa aja yg mau dibetulkan. Thank you medium laptop"
Salon Laptop Jogja ( Service Laptop Jogja ),,"Melayani servis Laptop hardware & software. Solusi Tepat, Cepat, & Hemat Mengatasi Masalah Laptop Anda",110.41067593016487,-7.783698762785448,085179590772,4.9,"- Indriyani Wahyu : Pelayanan nya oke sekali, jadinya juga cepet, harganya murah. Di sediakan tempat duduk buat nunggu dan tempat nya juga ber ac. Aku sangat merekomendasikan kalo mau service di sini, samping jembatan janti
terima kasih masğŸ™                                  - Waa : Pelayanan nya oke sekali, jadinya juga cepet, harganya murah. Di sediakan tempat duduk buat nunggu dan tempat nya juga ber ac. Aku sangat merekomendasikan kalo mau service di sini                                      - Imam Satrioagung : Bagus bangett pelayanannya, puas bangett dah dua kali service laptop disini ga pernah mengecewakan, cepet kerjanya, terima kasih salop laptop"
Logic Computer,,Tempat servis komputer di Yogyakarta yang terpercaya ,110.37315439600341,-7.793127056838685,085103641188,4.8,"- Malika Humayra : Rekomend banget, trims banget untuk solusi dan konsultasi nya. Ramah dan terpercayağŸ™â­â­â­âœ¨âœ¨âœ¨                        - Nur Hasan : Bapaknya ramah, sharing ilmu juga. Rekomendasi tempat untuk servis laptop                        - Nandini Mahira : Baguss banget servis disini, teknisinya baik dan sangat ahli menjelaskan permasalahan laptopnya. Alhamdulillah bisa benerin laptop mati karena prosesor rusak disini dengan biaya yang terjangkau. Terima kasih logic computer ğŸ˜"
AFTROCOM (Servis Laptop Jogja - Servis Komputer Jogja),,Tempat Servis Laptop terpercaya di Yogyakarta. Menyediakan barang peripheral/ sparepart laptop &PC. FREE konsultasi atas problem yang di alami laptop & PC,110.37064304018251,-7.820720556563095,081325519008,5.0,"- Loly Poly : Baru pertama kali servis LCD, konsultasi dulu terkait harga dan sebagainya, adminnya gercep apalagi ada jasa antar jemput jadi ga susah kalo lagi sibuk                - Anita Nur Latifah : Pelayanannya ramah & responsif, laptop bisa dianter & diambil dikosan, bisa konsul dulu kendalanya apa & bakalan dijelasin sama orangnya. Pengerjaannya cpt juga, cocok bgt buat yg banyak tugas. Dan pastinya ada garansinya jugaa. Rekomendasi bgt                          - Muna Mufidah : Terbaik, untuk pelayanan upgrade RAM di Jogja. Dijemput langsung di titik jemput dan diantar balik dengan servis yang aman, cepat, totally good service. Keep it up AFTROCOM ğŸ™ŒğŸ»âœ¨"
INULDELI JOGJA (Servis & Sparepart Laptop),,"Servis laptop rekomendasi mahasiswa di jogja, melayani perbaikan laptop dari mulai permasalahan ringan sampai yang berat, kami fokus pada pelayanan yang terbuka, jujur, dan explainable.",110.34734156085067,-7.785026846390129,085643450503,4.9,"-Banu Setiyawan : Tempat servis laptop rekomended, problem laptop tiba2 lemot dan ga konek wifi sudah terselesaikan dgn biaya ringan, pdhl tempat servis lain mewajibkan untuk upgrade ke ssd.
Saran untuk sering update perkembangan kondisi laptop ketika di servis. Sukses terus inuldeli                                 - David Nur Cahya : Pelayanan sangat ramah juga mengedukasi ke custumer, analisa tepat, teknisi yg mengerjakan sudah expert dibidangnya, dan yg nggak kalah penting part yg dipakai original kebetulan kemarin penggantian batre ada gransinya juga. Rekomend benget sih buat yg mau service laptop disiniğŸ˜                                          -  Dhimas Bagas : Servis komputer dan laptop terpercaya.
Udh beberapa kali kesini klo komputer atau laptop rusak.

Pegawainnya ramah, komunikatif memberikan penjelasan, ada casbacknya klo beberapa kali servis kesitu, inshaAllah jujur.  Top pokoknya. Salud"
PRO COMPUTER JOGJA,,"Menerima service laptop, notebokk, pc, monitor, LED segala kerusakan.",110.37285249947914,-7.910106600240847,08985967173,5.0,"- Papabumi : Tempat servis laptop langganan, dekat dari rumah. Sering cleaning laptop dan ganti thermal paste di sini. Pelayanannya ramah, hasilnya memuaskan, yang paling penting harganya terjangkau. Sukses selalu.                            - Arfika Anang Sulistiawan : Tempat servis laptop yang bagus, kualitas servisnya bagus, harga terjangkau. Teknisinya juga ramah, menjelaskan setiap detail masalah dan solusinya. Sudah dua kali servis cleaning di sini dan hasilnya memuaskan.                           - Ch. Mahas : Respon cepat, pelayanan baik dan ramah, hasil nya juga cepat dan bagus ğŸ‘
Pernah punya pengalaman lagi ujian laptop rusak.. masuk Service malem pagi sudah jadi.. Thank you
Sukses untuk Pro Computer"
Laptop Plus Jogja (Spesialis Servis Laptop & PC Komputer),,Menerima service laptop dan komputer dari segala kerusakan.,110.41554739947914,-7.828247589128863,081575655987,4.9,"- Leny Hartasya Agustin 05 : Pelayanannya mantul, ramah, sangat memuaskan, dan cepat. Ga salah lagi pilih tempat buat servis laptop disini. MantulllllğŸ‘                        - Citra Wulansari : Pelayanannya oke, harga bersahabat, mantapp                          -  Heri Setiawan : Pelayanan sangat baik, detail, sabar, dan memberikan kepastian yang jelas kepada pelanggan. Memberi diagnosis yang cukup detail&dilakukan pemeriksaan awal sehingga masalah utama notebook/laptop teratasi dengan baik. Rekomendasi bagi yang membutuhkan jasa servis laptop/PC."
Perfecto laptop ll spesialis service laptop ll jual beli laptop,,Melayani servis laptop dan komputer dengan harga yang murah dan pengerjaan yang detail.,110.38881193016489,-7.803910384241565,087839467006,4.9,"-  Fadyapuput Windarani : Murah meriah, detail klau benerin laptopnya, masnya juga ramah polll, worth it bgt buat mahasiswa ngak punya duit banyak wkwk                                   - Malinda Ayu Ningtias : Pelayanan ramah, cepat dan tepat, penjelasan untuk apa-apanya yg bermasalah juga mudah dipahami buat sy yg awam sm software laptop,,baru saja saya servis software laptop di sini.. OKğŸ˜                           - Resa Anggara : Rekomended bnget sih service disini, murmer jugaa yuhuuuğŸ˜"
LSC Jogja Cbng 1 - Service Laptop Jogja,,"LSC Comp merupakan usaha jasa mengenai service laptop, sparepart laptop, service komputer, dan kursus teknisi laptop. Jasa yang kami tawarkan sangat murah dan berkualitas dibandingkan dengan tempat usaha lain yang sejenis di Jogja",110.37348223810761,-7.744191888673067,083101361166,4.7,"- Hammah Isnaini RH : Service cepat dan terpercaya
Sangat recomend buat mahasiswa yang sedang masa skripsi jika laptope sedang trouble dan butuh cepat                           - Astuti Titu : Recommended bangett service laptop nya Disni, murah ramah di kantong mahasiswa lagiğŸ¤—ğŸ¥³                              - Christy Wattimena : Tempat Service laptop murah dan terpercaya di Jogja. Harganya sesuai dengan kantong mahasiswa tapi kualitasnya baik."
"St Computer Pusat Komputer,Cctv,Aksesoris dan Servis Laptop",,"St Computer,adalah toko yang menyediakan kebutuhan IT Anda,mulai dari komputer,cctv,mesin absensi,komputer kasir,Asesoris komputer,Notebook dan hp.kami juga menyediakan barang-barang unik meskipun belum lengkap.Kami juga melayani servis Komputer,Laptop dan cctv",110.37938723016488,-7.815001824095116,085100104585,4.4,"- Tyas Prasojo : Lengkap...murah...service komputer..laptop rewel..laptop matot juga bisa. Siip.ğŸ‘                                          - Fatimah Yahro : Servis komputer dan laptop terbaik. Biaya lumayan murah                                - Sutan S. (Sutan) : Pelayanannya oke, pelayan baik dan ramah"
Service laptop jogja (Rumah Service Laptop),,Jasa reparasi komputer yang  berada di Yogyakarta.,110.41921337673608,-7.828391950671759,085101645758,5.0,"- Ahmad Yogi : Bagus buat service,toko amanah,terpercaya,ramah,penanganan baik,bagus pokok nya,semoga lancar terussğŸ™Œ                                                       - Agung Sarifadillah : Pelayanan bagus,ramah,dan memberikan solusi untuk permasalahan setiap laptop yang rusak.                                    - ArdianFajar : Pelayanan ramah, berkualitas, customer mendapatkan ilmu bagaimana cara merawat laptop, tidak sekedar memperbaiki tetapi juga memberitahu akar permasalahan juga solusi.
MantapppğŸ‘ğŸ‘ğŸ‘"
"Service Laptop & jual beli laptop ""LAPTOPGUARD 2""",,"Tempat service laptop , servis laptop, upgrade laptop dan jual beli laptop bekas dengan 15 tahun pengalaman. Menjual berbagai sparepart laptop komputer",110.38748263648223,-7.808222346303886,08112634439,4.9,"- Raihan : Pelayanan nya ramah dan Alhamdulillah dapat laptop yg masih ok..kemarin malam beli disana sama anak..smg Awet dan sukses sll buat ownernya                           - Ju Ns : bisa konsultasi terlebih dahulu, pelayanan mantap bisa minta saran asikk jugağŸ‘ğŸ‘ğŸ‘                                            - jokerz gim : Setiap pengerjaan selalu dikonfirmasi dengan difotokan, memang ok sekali skrg laptopku kembali normal dan kgk panas lagi ğŸ‘"
Ivy Computer Service ( Servis & Jual Beli Laptop Jogja ),,Pusat perawatan & profesional service laptop segala kerusakan : - Mati total - No display - Not charging - Overheat - Bluescreen - Instal OS - Maintenance - Dll,110.38771867619351,-7.808477458711307,081215287434,5.0,"- vinda Ayu Pratama : pelayanannya baik, recomen banget buat temen temen yang mau servis laptop, ramah juga, gercep pengerjaanya                           - Carissa Pramestya : pelayanan baik, sangat rekomended untuk teman teman yang ingin servis, jual/beli laptop, dll.
- Piraa : Recommended banget service laptop disini, pelayanan nya sangat baik mas mas nya ramah dan baik hati"
ELS Computer Yogyakarta,,"Pusat belanja dan service  komputer, laptop, dan kebutuhan IT lainnya di Yogyakarta dan Jawa Tengah. terpercaya sejak tahun 1997.",110.37370813016491,-7.777430370104319,08192504343,4.7,"- Wahyu Lestari : MasyaAllah sekali, pelayanannya baikk ramah puolll puas juga karena dapet point"" penting dan penyaranan sesuai kebutuhan kita jugaak, terimakasih banyakkkâœ¨                          - Wahyu Febriyanti : Terimakasih mba Wiwin dan mba Afrisa dalam memberikan pemahaman tentang laptop dan ramah dalam melayani. Sukses selalu els                             - Ema Amelia : pelayanannya bagus, ngga diburu-buru, mas nanang dan mbak wiwin ramah sekali"
ALIFindo Service Komputer & Laptop,,"Servis laptop , proyektor, cctv ,jaringan. Meliputi software maupun hardware",110.34522894739575,-7.761485536811851,089674646911,4.8,"-  Debrinna Tryanan Asmaradhani : Teknisinya handal. Komputer saya awalnya tidak bisa nyambung ke monitor dapat diperbaiki hanya dalam waktu sehari. Biayanya juga tergolong murah. Sangat recommended.                           - Utami Nurhayati : Pelayanan bagus banget,mas teknisi jelasin detailnya dg sabar,kasih solusinya juga,top pokoknya.
thx                                    - Mi5c New : Pelayanan ramah, waktu service cepat tempat mudah dilihat biaya servis tidak mahal"
AB Computer,,"Toko dan tempat servis laptop dan komputer, murah serta terlengkap di Yogyakarta.",110.38982049153644,-7.806217459338609,087739592891,4.8,"- Aditiya Nugraha Jati : Maturnuwun pak karim, sudah membantu mmperbaiki pc saya, sangat urgent, hari libur, tetap dilayani, terimakasih pak                      - Aye Ipeh : Selain tempat service yg amanah, juga ada ayam geprek enak harga bersahabat. Service laptop komputer sambi makan ayam geprek                    - Baim Archie : Terbaik,jujur,amanah,tepat waktu,semoga lancar usahanya pak,aminğŸ‘ğŸ»"
Adidaya Komputer - Service Laptop Jogja,,"Usaha Jasa Perbaikan dan Perawatan Komputer maupun Laptop, Kami juga melayani jual beli, selain itu kami menerima service panggilan, untuk kalian yang sibuk dengan kegiatan sehari hari, kami siap antar jemput perangkat anda.",110.40765146879338,-7.810016579804085,08975909662,4.9,"-Ela Ummu Fajriyati : Baik banget mas nya, aku dateng buat mulihin word ku ternyata dikasih gratisss. Mana deket banget sama kos ku, mahasiswa yang butuh servis laptop kalian kesini aja mas nya ramah lagi â¤ï¸ğŸ‘ŒğŸ»                                      - endah wulandari : Pelayanannya ramah, komunikatif, amanah dan sangat terjangkau buat kantong mahasiswa.. ğŸ˜†ğŸ˜†ğŸ˜†                                     - Vio Darman : pelayanannya sangat baik,ramah sangat rekomendasi untuk teman teman mahasiswa yang laptopnya sering troubel.disini juga melayanin semua jenis kerusakan laptop tmn tmn dan menerima jual beli laptop,pokoknya rekomendasi banget sii buat mahasiswa"
Doctor Laptop Jogja,,Doctor Laptop Jogja (DLJ) merupakan tempat servis laptop dan komputer terpercaya dan ramah bagi para pelajar di Yogyakarta. Pelayanan dan pengerjaan dilakukan dengan transparan dan informatif bagi para pelanggan. Penjelasan tentang sparepart dan teknis perbaikan akan diinformasikan secara lengkap. Kenyamanan pelanggan adalah yang utama,110.38444816085068,-7.816111193147021,082313775532,4.9,"- Mgr sinomba Rambe : Pelayanannya ramah, cepat, dan tentu harganya terjangkau bangat bagi mahasiswağŸ‘
Terimakasih Doktor Laptop selalu jadi andalan servis laptop di jogjağŸ”¥                                           - Ardelia Luhfiyahw : Pelayanan baik kalo ada kendala rekomendasi banget buat mahasiswa yang tiba2 laptop trouble                                               - Febriofca Galih Yatalaththov : Pelayanan ramah, berkualitas, cepat, dan temuan informasi masalah yang diberikan lengkap. cocok untuk mahasiswa yang mau service saat mengalami segala jenis problem pada laptop/PC nya. harga mahasiswa kualitas raja."
JAGO SERVICE MOTHERBOARD PC & LAPTOP JOGJA,,"Tempat perbaikan dan reparasi Laptop, PC, Mini PC, All In One Fokus kami melayani perbaikan Motherboard baik Laptop, PC, Mini PC, All In One dengan beragam jenis kerusakan baik mati total, hidup namun tidak ada tampilan di layar, Hardisk tidak terdeteksi saat dihidupkan, tidak dapat masuk ke System Operasi (Windows), Looping (unit hanya hidup mati terus-menerus), Laptop tidak mengisi Battery, gagal update System Operasi, dan lain sebagainya Kami juga melayani upgrade Hardisk ke SSD, upgrade RAM, penggantian LCD/LED, Keyboard, Battery Laptop, Battery CMOS, perbaikan Engsel dan Body Repair, Install ulang System Operasi, Cleaning Motherboard, dan lain-lain.",110.32634619652774,-7.804515785843068,089531103090,5.0,"- Putri Lestari : Pelayanan ramah dan pengerjaannya cepat, harga jasa murah.
Awalnya laptop pinggirannya gampang lepas dan kotor terus laptop juga gabisa ditutup rapat karna bagian dalamnya ada yang patah, disini diperbaikin jadi sebagus mungkin. Hasilnya ga ngecewain sangat puas ğŸ‘ğŸ»ğŸ™ŒğŸ»                            - Jung Han : pelayanannya ramah , pengerjaannya cepat dan hati hati, harganya juga terjangkau, rekomen bgt deh pokoknya                           - Mas D3n : sangat memuaskan, pelayanan sangat ramah dan pengerjaan cepat...mantap pokok e"
Alhicomp Computer,,"Jual & Servis pc, laptop, printer, jaringan.",110.39683296879338,-7.818680563967744,081328745984,4.4,"- Bola Bulu : proses pengerjaan cepat, saya mau servis komputer, barang masuk pagi, sore atau malam sudah selesai, kalo gk antri bnyk lho ya..                         - lanang p : Tempat servis komputer, laptop, bisa pasang CCTV juga                                 - Yanna Rosmanda Putra : Service sangat cepat dan akurat"
Lasercom 1 Service Jual Beli Laptop,,"Lasercom merupakan sebuah perusahaan yang bergerak di bidang Service HP, Service Laptop, Jual Beli Laptop dan Kursus Teknisi Hp Profesional.",110.37137034550777,-7.792282565172115,08973898310,4.7,"- Liza Zasy :  Service laptop dan hp bisa ditunggu tergntung tingkat kerusakannnya.                       - Yudha Nawa Anggara : Tempat pertama untuk service, jual dan beli laptop. Recommend sekali untuk teman-teman yang kesulitan atau kebingungan mau ganti atau laptopnya rusak. Untuk masalah kualitas tentu nomor satu, soal harga itu sudah standar yang ada.                                                     - Yoseph Yoga Satria Hutama : Pelayanan memuaskan dan informatif. Harga terjangkau. Proses servis cepat tergantung kondisi kerusakan."
"TComp Jogja, Service Laptop, Jual Laptop, Beli Laptop",,Spesialis Service Laptop dan Jual beli Laptop Jogja.,110.40003209153643,-7.7826431399586475,085875733311,4.7,"- Fahrur Rozi : Sangat efektif sekali pelayanan servis di sini, masalah yang ada di laptopku akhirnya bisa teratasi, jadi tenang nantinya kalau kuliah udah masuk ğŸ˜„                                     - Nur Imam Prayogo : Udah beberapa kali pokoknya kalau service langsung lari ke sini, jual beli juga enak.                                 - Khiyaroh_ : Pelayanan yang super cepat dan bagus"
Rolas Computer ( Service Laptop & Komputer ),,tempat servis laptop dan komputer di Yogyakarta dengan garansi.,110.39122046085068,-7.8241262367233935,0895366112816,5.0,"- miraa : pengalaman service disini pelayanannya ramah dan mengedukasi pokoknya well,kalo beruntung bisa dapet diskon juga                             - Chaeruniza : Sudah service disini dua kali dengan kendala laptop blank dan upgrade ssd. Teknisinya ramah dan informatif. Bisa konsultasi dulu via WhatsApp -- adminnya relatif fast respon dengan penjelasan yang detail.                                             - Nur Maulida : Seneng bgt bisa servis disini. selain harganya affordable, pengerjaannya juga cepet. ada garansi setelah perbaikan dan teknisinya ramah + responsif bgttt, bisa konsultasi dulu lewat wasap ğŸ‘ğŸ»ğŸ‘ğŸ»ğŸ‘ğŸ»"
Service Laptop Brotherhood Tech,,"Brotherhood Tech melayani service laptop dengan bebagai kerusakan, upgrade ram, ssd laptop, pembersihan kipas, penggantian thermal paste dan banyak layanan lainnya.",110.37426280742184,-7.76145919596856,089687271041,5.0,"- Qayyimatul Jauziyah : Sangat direkomendasikan untuk mahasiswa, terutama sekitar Pogung - UGM, kerjanya cepet, amanah, komunikatif, sukses selalu! Harga oke, memuaskan.
Ganti LCD: masuk jam 12 siang, jam 3 sore udah bisa diambil, emg boleh segercep itu? ğŸ±ğŸ˜†                - Kezia Carissa : udah pernah dateng ke sini 2x buat ganti LCD dan charger. harganya masih affordable utk mahasiswa, masnya fastrespon banget, bisa konsultasi lewat WA dulu buat nanya2ğŸ˜, pengerjaannya juga cepet. thank you brotherhoodğŸ¤©ğŸ™ğŸ»                   - bn fajrin : Servis joss. Harga murce abis. Hasil terbaik. Jangan lupa selalu dekat sama mahasiswa ya kk, biar harga selalu rate mahasiswa."
Nuvus Komputer,,"Servis laptop dan komputer di Yogyakarta. Menerima penggantian suku cadang seperti keyboard, baterai, lcd, hardisk, psu, powersupply, touchpad serta menambah dan mengganti ram, instal ulang, recovery data.",110.43191156085065,-7.779645713467352,0895604014394,4.8,"- Amirul fadil : Servisnya mantep. Admin dan tehnisinya ramah2. Sistem antar jemput jg sangat sangat menbantu. Tapi rada slowrespon kwkwk dan makan waktu buat servisny ya gapapa namanya jg antri ya... Tapi overall sy puas sama pelayanannya. Mantap                                                  - Satriya Ade Nugroho : Salut dengan pelayanan teknisi Nuvus Computer. Sangat ramah dan mau mengajari sampai bisa dan berhasil. Bahkan konsultasi lewat jam 12 (dini hari) pun ditanggapi. Semoga Nuvus Komputer sukses selalu.                                - Lutfi Indah Sari : Pelayanannya sangat bagus, masnya ramah, fast respon, dijelasin jg permasalahannya secara detail, dan harga bersahabat. Pokoknya recommended bgt untuk service laptop/komputer. Sukses terus untuk Nuvus komputer!"
Taktiktop.com,,Melayani servis dan konsultasi permasalahan laptop dan komputer.,110.40810807619354,-7.793469181346768,081355006050,4.9,"-Erlina Fransiska : Penjelasannya mudah dipahami, pengerjaan cepat dan baik. Top sudah 3 kali ke siniğŸ‘ğŸ»           - Mr Ghani : Alhamdulilah, service pertama kali di taktiktop cukup puas, dari segi pelayanan sangat ramah dan untuk penggantian baterai laptop tidak membutuhkan waktu lama serta harganya yang rasional, terima kasih tak tiktop semoga sukses selalu                                      -  Mohammad Qosim, S.Pd.I : Teknisi berpengalaman dan bersertifikat, perbaikan sesuai waktu yang ditentukan, update proses perbaikan bisa di cek, harga terjangkau, pelayanan ramah dan lokasi tidak jauh dari kota Yogyakarta."
TOK'S CELL SERVICE  LEPTOP,,Melayani servis laptop dengan bergaransi dan bisa ditunggu serta konsultasi secara gratis di Yogyakarta.,110.39039155345048,-7.804834410199155,089634911701,5.0,"- Ellya Kusuma : Solusi kendala, murah amanah, dan ramah.. ğŸ‘                                           - Muammar Fitra Hadi : Hp/laptop rusak gak pelu nunggu lama, penanganan profesional                              -Moh Eko : Paling mantap service laptop di tempat ini, proses dan hasil sangat memuaskan"
ISOTRONIK COMP,,"Isotronik (Service Laptop Mahasiswa Jogja) melayani perbaikan semua kendala laptop. Sebelum diperbaiki, laptop kamu mendapatkan pengecekan terlebih dahulu, pengecekan di isotronik 100% gratis. Selain itu semua perbaikan mendapatkan garansi minimal 2 bulan dan kamu hanya bayar saat laptop kamu berhasil di perbaiki.",110.38871052276473,-7.773877459221486,081914781102,4.9,"- Rosfita Hanis Astusi : Tempat yang nyaman untuk service laptop dengan segala kondisi. Masnya sangat informatif dan sabar menjelaskan. Mereka juga memberikan penanganan laptop sesuai persetujuan kita. Oke banget. ğŸ˜ğŸ˜ Apalagi pas ada promo gini. Tertolong banget buat mahasiswa yang butuh service cepet dengan harga terjangkau. ğŸ˜                     - Lisa Alparadi : Pertama kali ke Isotronik, posisinya di Plaza UNY lt 2, dari eskalator langsung nemu posisinya ada di pojok. Kebutuhan upgrade RAM dan penyimpanan SSD, harganya affordable di kantong saya xD. Pengerjaannya juga relatif cepat dan pelayanannya ruamah dan jelas banget infonya. Terus garansinya nyampe setahun ğŸ‘ğŸ‘ğŸ‘                                 - Vika Pratiwi : Terimakasih isotronik, Alhamdulillah laptop kembali normal dan lancar dipakai lagi, pelayanan ramah poll dan sangat informatif, tempatnya juga nyaman banget. Dapet diskon banyak sampai 100k lumayan banget.. Makasih Isotronik sukses selalu ğŸ™ğŸ™âœ¨ "
Akass Computer,,Melayani servis laptop dan komputer di Yogyakarta dan sekitarnya.,110.39996072276473,-7.80213525248769,08972433686,4.2,"- Diecy Franky Gandasuli : Luar biasa dengan budget 50rb km bs instal ulang dapat windows 10 lagi, mas nya baik bener dah,                   - glowmagicshop channel : Cukup memuaskan.. Buka smpe jam 10mlm wlopun hr  itu pas malem minggu..                                 - Saputra Wahyu : Pelayanan baik. Karyawannya ramah. Most reccomended lah untuk urusan instal software. Sukses selalu!"
Sonny komputer (service komputer & notebook),,"Melayani servis laptop, komputer, dan notebook.",110.38672956879337,-7.7990179740438705,081804351270,5.0,"- Neysha : Pelayanan bagus, cepat, ramah, harga terjangkau, mahasiswa friendly pokonya worth it bgttt                 - Novi Dwi : Recommen bangett service disini, Service sangat cepat dan tentunya harga terjangkau, pelayanan baik sekaliii
Terimakasihhhh.                         - Tujino Putra : Pelayanannya ramah, cepat serta bergaransi..,"
Lasercom UPY | Service Jual Beli Laptop,,"Lasercom UPY merupakan cabang ke 3 dari CV Lasercom Indonesia Berdiri untuk melayani kebutuhan Service HP Terdekat diwilayah Kasihan Sonosewu dan Sekitarnya Kami juga melayani Service Laptop , Service PC Komputer , Service Apple Product Seperti Service iPhone , Service Macbook dan Service iPad untuk Wilayah Jogja.",110.34047703648213,-7.8058477038105964,085725947889,4.8,"-Asbandi : Sangat recom bgt Sih ğŸ™ğŸ˜‰           - Izzan Omaga : baru tahu ada tempat service hp dan laptop se keren gini                                             - K_15_ Irvan Adhitya : Adminnya ramah, tempatnya mudah untuk dijangkau dan untuk perbaikan termasuk lebih murah dibandingkan dengan tempat service lain"
DSG IT SUPPORT- Digital Solution Globalindo,,"Merupakan IT Support untuk bisnis dan perkantoran di Yogyakarta dan sekitarnya. Kami menangani support service komputer, laptop, printer dan jaringan komputer. Kami memberikan layanan antar jemput perangkat komputer, layanan service di tempat (on site) maupun layanan maintenance bulanan untuk memastikan perangkat komputer sehat dan siap kerja.",110.38315492298943,-7.810227112993293,082325733459,4.8,"- Bgs Rhmtpgstu : direktur pak suwarjo beserta para teknisi senior yang berkerja di perusahaan ini  sangat profesional dan komunikasi dengan para tamu yang sedang berkunjung sangat baik dan cukup jelas dimengerti                      - sigit maryanto : pelayanannya ramah, pekerjaannya memuaskan                           - tirania aulia : pelayanannya ramah, tidak pelit ilmu, recommended ğŸ‘ğŸ‘ğŸ‘ğŸ‘"
Prisma Computer & Laptop,,Melayani servis komputer baik permasalahan software maupun hardware.,110.35690192065961,-7.798733321710168,081903203377,4.7,"- Dharmawan Sumiran : Servis memuaskan, sangat berhatiÂ² dengan upaya mengamankan data sehingga data tidak hilang. Pelayanannya ramah, penjelasannya enak.                                  - Khairul Ihza : Engsel kemarin lepas sebelah dan sulit di buka, beruntung pengerjaan nya rapi dan cepat jadi nggak mengganggu pekerjaan                            - Ilham Eka Prasetya : Pelayanan sangat ramah, pengerjaan cepat dan hasilnya memuaskan+garansi 1 bulan"
MH Komputer,,Pusat service komputer terpercaya di Yogyakarta.,110.38228695345049,-7.806483059784464,082243873278,5.0,"- mun taqo : Harga sangat terjangkau, dan memuaskan                        - novida wahyu : Harga terjangkau untuk pelajar dan memuaskan - Dofi : murah dan cepat"
BKJ Bengkel Komputer,,Melayani service laptop dan komputer di Yogyakarta.,110.38498351536457,-7.793912601045369,0818461886,4.8,"- Ivvatul Iftitah : Alhamdulillah, kendala laptop sy bisa terselesaikan dg baik. Pengerjaan ataupun responnya cepat dan tepat. smg makin sukses dan jaya kedepannya, berkah selalu. AaamiiinnğŸ¤²ğŸ»                   - Miska : Rekomendad buat yg mau servis leptop                                          - Lisa Yani : Pelayanannya baik dan cepat pengerjaannya"
Neo PaneNT Computer,,Neo PaneNT Computer menyediakan Jasa Service yang meliputi hardware dan software.,110.37269767619354,-7.797659397515333,08975009505,4.6,- Lourentius Aditya : Tempat service komputer sejak kuliah            - Bung Jt : Sangat memuaskan                      - suryo alam : Pelayanan Terbaik dari Kakakku
Service laptop bantul,,"Service laptop dan komputer bisa ditunggu , ganti part laptop,lcd,keyboard,adaptor,batrry,ssd,hardisk,instal ulang, semua merk laptop asus,byon,ibm,lenovo,samsung,toshiba,msi,acer,macbook,dell,zyrex,axioo,hp,compaq,sony vaio,dll,ripair cassing laptop,servis laptop mati total,bluescreen,gagal buting,stuck logo,restart sendiri,overheat,riset paswword bios,bios terkunci,spiker rusak,camera rusak,dll",110.33905668413625,-7.880102933868488,081211114146,4.9,"- Eni Listyanti : Instal ulang laptop bisa ditunggu saat itu juga, pas dateng mepet jam tutup operasional tapi tetep dilayani sampe beres. Pelayanan ramah, ga kerasa nunggu proses 2 jam an karena diajakin ngobrol masnya terus. Tempatnya di pinggir jalan besar gampang ditemuin.                                        - Safitri Fitri : Tempat nya nyaman, mamas nya ramah dan baik polllll. pdhl tutupnya jam 21.00 karena aku maunya mlm itu jg karena mau ngejar deadline tugas, akhirnya smpek jam setengah 12 dong ditungguin sama mamas nyağŸ˜­ğŸ™. Pokoknya rekomendasi bgt deh buat kalian yang mempunyai masalah sama laptop, langsung aja cuss ke tempat ini                                    - Dwi Candra : MalamÂ² service laptop karena urgent dan bisa ditunggu sangat membantu sekali. Biaya terjangkau dan teknisinya ramah ğŸ‘ğŸ‘"
Sahabat Laptop,,"Melayani segala macam kerusakan Laptop dan PC, baik Hardware maupun Software. Mati total, repair engsel & casing, bluescreen, no display, dll",110.38882857881009,"-7.773160157004139,",085155016008,5.0,"- Dyan Kusuma : Pelayanan memuaskan, masnya asik ramah. Pengerjaan cepat, rekomendasi pokoknya. Terimakasih laptopku sudah normal kembali ğŸ˜                                    - Saprina Melita : Kerjaanyaa keren dan bagus, laptopku jadi bisa berfungsii lagiii. Recommend kalo mau service                                                   - Ipha Baharun : Pelayanannya sangat baik. Masnya juga ramah untuk ditanya-tanya tipe leptop yang harus dibeli. Sudah 2 kali ke sini: pertama perbaiki leptop adik dan wortin banget dan datang kedua kalinya untuk upgrade MS. Office."
Miui Center Service,,Service Smartphone & Laptop (Hardware - Software).,110.38680060021699,-7.793196297271678,08562875897,4.3,"- Anna Anditha S. Pd : Mi Helper recommended area Yogyakarta. Bisa service android + laptop juga.
Fast respond, pelayanan ramah, kerjaan oke, biaya ramah di kantong.
Nice job! Sukses selalu!                     - Arief Ilham : respon cepat, kerja bagus ğŸ‘ğŸ‘ğŸ‘                                    - Muhammad Khairul Rijal : Direkomendasikan di Yogyakarta"
KEISA komputer,,"Melayani servis, instalasi, upgrade, dll pada laptop dan komputer.",110.39027674299042,-7.805016405399121,08122719167,5.0,"-irfan Hibatulaziz : Pekerjaan cepat, cleaning bisa ditunggu, pelayanan memuaskan                    - Ngazizah : Laptopku udah dibawa ke 2 tempat servis ngga bisa, eh disini langsung bisa, respect bgt sama mas"" servisnya                          - 14 MG : tempat servis segala laptop paling okee dan cepatt pengerjaannyaa, recomendedğŸ‘ğŸ½"
Monster Laptop UGM,,"Meleyani jual beli laptop second bergarabsu, beli laptop bekas segala kondisi, servis laptop segala kondisi, pergantian spare part baru/bekas, recovery windows, install windows, install aplikasi, dll.",110.38032232298869,-7.765889531427028,082137250446,4.4,"- salwa nsrn : pelayanan bagus, admin sangat ramah                       - Riyan Pradika : Pernah service ditempat ini.pelayanan dan pengerjaanya sangat baikğŸ’«                                - cacaceo 667 : Pelayanan yang bagus ramah servisnya memuaskan  ğŸ¤—"